timestamp,RNN_prediction_IMPORT_KW
2019-04-01 00:00:00+02:00,0.22143415
2019-04-01 00:05:00+02:00,0.17338505
2019-04-01 00:10:00+02:00,0.18267813
2019-04-01 00:15:00+02:00,0.21276394
2019-04-01 00:20:00+02:00,0.21779922
2019-04-01 00:25:00+02:00,0.16624585
2019-04-01 00:30:00+02:00,0.19512895
2019-04-01 00:35:00+02:00,0.21065012
2019-04-01 00:40:00+02:00,0.30887952
2019-04-01 00:45:00+02:00,0.3410013
2019-04-01 00:50:00+02:00,0.33266106
2019-04-01 00:55:00+02:00,0.334945
2019-04-01 01:00:00+02:00,0.35120526
2019-04-01 01:05:00+02:00,0.33902588
2019-04-01 01:10:00+02:00,0.38517573
2019-04-01 01:15:00+02:00,0.32173195
2019-04-01 01:20:00+02:00,0.31156722
2019-04-01 01:25:00+02:00,0.37392357
2019-04-01 01:30:00+02:00,0.34579757
2019-04-01 01:35:00+02:00,0.31519523
2019-04-01 01:40:00+02:00,0.32931927
2019-04-01 01:45:00+02:00,0.3331963
2019-04-01 01:50:00+02:00,0.33183947
2019-04-01 01:55:00+02:00,0.33722463
2019-04-01 02:00:00+02:00,0.29914752
2019-04-01 02:05:00+02:00,0.2774631
2019-04-01 02:10:00+02:00,0.3356581
2019-04-01 02:15:00+02:00,0.34931472
2019-04-01 02:20:00+02:00,0.3628942
2019-04-01 02:25:00+02:00,0.32674637
2019-04-01 02:30:00+02:00,0.31649068
2019-04-01 02:35:00+02:00,0.3347949
2019-04-01 02:40:00+02:00,0.3087739
2019-04-01 02:45:00+02:00,0.3031899
2019-04-01 02:50:00+02:00,0.3477054
2019-04-01 02:55:00+02:00,0.32388678
2019-04-01 03:00:00+02:00,0.28790358
2019-04-01 03:05:00+02:00,0.27680722
2019-04-01 03:10:00+02:00,0.3086944
2019-04-01 03:15:00+02:00,0.3447496
2019-04-01 03:20:00+02:00,0.3415703
2019-04-01 03:25:00+02:00,0.2880421
2019-04-01 03:30:00+02:00,0.34650162
2019-04-01 03:35:00+02:00,0.33810547
2019-04-01 03:40:00+02:00,0.27557817
2019-04-01 03:45:00+02:00,0.35151747
2019-04-01 03:50:00+02:00,0.34134045
2019-04-01 03:55:00+02:00,0.29609087
2019-04-01 04:00:00+02:00,0.299171
2019-04-01 04:05:00+02:00,0.35730532
2019-04-01 04:10:00+02:00,0.31759253
2019-04-01 04:15:00+02:00,0.28105047
2019-04-01 04:20:00+02:00,0.34099248
2019-04-01 04:25:00+02:00,0.33075014
2019-04-01 04:30:00+02:00,0.26036635
2019-04-01 04:35:00+02:00,0.32534876
2019-04-01 04:40:00+02:00,0.34311512
2019-04-01 04:45:00+02:00,0.29538742
2019-04-01 04:50:00+02:00,0.47462502
2019-04-01 04:55:00+02:00,0.50582415
2019-04-01 05:00:00+02:00,0.47876754
2019-04-01 05:05:00+02:00,0.37530854
2019-04-01 05:10:00+02:00,0.40443698
2019-04-01 05:15:00+02:00,0.3813105
2019-04-01 05:20:00+02:00,0.37383
2019-04-01 05:25:00+02:00,0.3473846
2019-04-01 05:30:00+02:00,0.32008925
2019-04-01 05:35:00+02:00,0.32042876
2019-04-01 05:40:00+02:00,0.34436026
2019-04-01 05:45:00+02:00,0.36203232
2019-04-01 05:50:00+02:00,0.33604363
2019-04-01 05:55:00+02:00,0.38060978
2019-04-01 06:00:00+02:00,0.4123743
2019-04-01 06:05:00+02:00,0.4204611
2019-04-01 06:10:00+02:00,0.36398724
2019-04-01 06:15:00+02:00,0.37364784
2019-04-01 06:20:00+02:00,0.3869374
2019-04-01 06:25:00+02:00,0.3550028
2019-04-01 06:30:00+02:00,0.39032045
2019-04-01 06:35:00+02:00,0.36017004
2019-04-01 06:40:00+02:00,0.38956586
2019-04-01 06:45:00+02:00,0.33919016
2019-04-01 06:50:00+02:00,0.35837296
2019-04-01 06:55:00+02:00,0.33445647
2019-04-01 07:00:00+02:00,0.36602262
2019-04-01 07:05:00+02:00,0.34915033
2019-04-01 07:10:00+02:00,0.38628247
2019-04-01 07:15:00+02:00,0.37059823
2019-04-01 07:20:00+02:00,0.37298813
2019-04-01 07:25:00+02:00,0.34135273
2019-04-01 07:30:00+02:00,0.37920192
2019-04-01 07:35:00+02:00,0.36432472
2019-04-01 07:40:00+02:00,0.3400425
2019-04-01 07:45:00+02:00,0.3823246
2019-04-01 07:50:00+02:00,0.3877577
2019-04-01 07:55:00+02:00,0.31585756
2019-04-01 08:00:00+02:00,0.35416594
2019-04-01 08:05:00+02:00,0.35312667
2019-04-01 08:10:00+02:00,0.32093266
2019-04-01 08:15:00+02:00,0.37729123
2019-04-01 08:20:00+02:00,0.36738876
2019-04-01 08:25:00+02:00,0.31284562
2019-04-01 08:30:00+02:00,0.30888632
2019-04-01 08:35:00+02:00,0.37641147
2019-04-01 08:40:00+02:00,0.38793173
2019-04-01 08:45:00+02:00,0.3136225
2019-04-01 08:50:00+02:00,0.31539586
2019-04-01 08:55:00+02:00,0.35236326
2019-04-01 09:00:00+02:00,0.32454172
2019-04-01 09:05:00+02:00,0.34586087
2019-04-01 09:10:00+02:00,0.341705
2019-04-01 09:15:00+02:00,0.35644606
2019-04-01 09:20:00+02:00,0.3560113
2019-04-01 09:25:00+02:00,0.3356593
2019-04-01 09:30:00+02:00,0.33076146
2019-04-01 09:35:00+02:00,0.41281024
2019-04-01 09:40:00+02:00,0.43909767
2019-04-01 09:45:00+02:00,0.38086882
2019-04-01 09:50:00+02:00,0.40807953
2019-04-01 09:55:00+02:00,0.4385518
2019-04-01 10:00:00+02:00,0.38877764
2019-04-01 10:05:00+02:00,0.38848892
2019-04-01 10:10:00+02:00,0.43854406
2019-04-01 10:15:00+02:00,0.4142752
2019-04-01 10:20:00+02:00,0.3410906
2019-04-01 10:25:00+02:00,0.35620847
2019-04-01 10:30:00+02:00,0.32928577
2019-04-01 10:35:00+02:00,0.31365553
2019-04-01 10:40:00+02:00,0.21865514
2019-04-01 10:45:00+02:00,0.18970242
2019-04-01 10:50:00+02:00,0.20824054
2019-04-01 10:55:00+02:00,0.23109546
2019-04-01 11:00:00+02:00,0.16834679
2019-04-01 11:05:00+02:00,0.19552246
2019-04-01 11:10:00+02:00,0.21349481
2019-04-01 11:15:00+02:00,0.22699168
2019-04-01 11:20:00+02:00,0.19884184
2019-04-01 11:25:00+02:00,0.19373217
2019-04-01 11:30:00+02:00,0.20648304
2019-04-01 11:35:00+02:00,0.23358038
2019-04-01 11:40:00+02:00,0.2322928
2019-04-01 11:45:00+02:00,0.17536357
2019-04-01 11:50:00+02:00,0.16602698
2019-04-01 11:55:00+02:00,0.19313124
2019-04-01 12:00:00+02:00,0.21801904
2019-04-01 12:05:00+02:00,0.21169189
2019-04-01 12:10:00+02:00,0.24020019
2019-04-01 12:15:00+02:00,0.22968987
2019-04-01 12:20:00+02:00,0.20827094
2019-04-01 12:25:00+02:00,0.24652067
2019-04-01 12:30:00+02:00,0.32512727
2019-04-01 12:35:00+02:00,0.26421216
2019-04-01 12:40:00+02:00,0.2529873
2019-04-01 12:45:00+02:00,0.29623213
2019-04-01 12:50:00+02:00,0.28556803
2019-04-01 12:55:00+02:00,0.23902562
2019-04-01 13:00:00+02:00,0.2040061
2019-04-01 13:05:00+02:00,0.221396
2019-04-01 13:10:00+02:00,0.2477794
2019-04-01 13:15:00+02:00,0.21487275
2019-04-01 13:20:00+02:00,0.19497052
2019-04-01 13:25:00+02:00,0.21484712
2019-04-01 13:30:00+02:00,0.17560115
2019-04-01 13:35:00+02:00,0.19106236
2019-04-01 13:40:00+02:00,0.21102145
2019-04-01 13:45:00+02:00,0.21602574
2019-04-01 13:50:00+02:00,0.1879727
2019-04-01 13:55:00+02:00,0.21158591
2019-04-01 14:00:00+02:00,0.20891848
2019-04-01 14:05:00+02:00,0.23783436
2019-04-01 14:10:00+02:00,0.19252804
2019-04-01 14:15:00+02:00,0.18398514
2019-04-01 14:20:00+02:00,0.21989575
2019-04-01 14:25:00+02:00,0.22943202
2019-04-01 14:30:00+02:00,0.1980274
2019-04-01 14:35:00+02:00,0.17555586
2019-04-01 14:40:00+02:00,0.18312553
2019-04-01 14:45:00+02:00,0.2174733
2019-04-01 14:50:00+02:00,0.20848146
2019-04-01 14:55:00+02:00,0.16632047
2019-04-01 15:00:00+02:00,0.20545223
2019-04-01 15:05:00+02:00,0.22237507
2019-04-01 15:10:00+02:00,0.21470252
2019-04-01 15:15:00+02:00,0.18342558
2019-04-01 15:20:00+02:00,0.20280746
2019-04-01 15:25:00+02:00,0.21409717
2019-04-01 15:30:00+02:00,0.2273058
2019-04-01 15:35:00+02:00,0.17709246
2019-04-01 15:40:00+02:00,0.19094291
2019-04-01 15:45:00+02:00,0.21443477
2019-04-01 15:50:00+02:00,0.22127011
2019-04-01 15:55:00+02:00,0.17023626
2019-04-01 16:00:00+02:00,0.18212977
2019-04-01 16:05:00+02:00,0.21341458
2019-04-01 16:10:00+02:00,0.26979938
2019-04-01 16:15:00+02:00,0.26828423
2019-04-01 16:20:00+02:00,0.27381292
2019-04-01 16:25:00+02:00,0.27473632
2019-04-01 16:30:00+02:00,0.28657404
2019-04-01 16:35:00+02:00,0.27658847
2019-04-01 16:40:00+02:00,0.24738744
2019-04-01 16:45:00+02:00,0.22427538
2019-04-01 16:50:00+02:00,0.26102427
2019-04-01 16:55:00+02:00,0.2766631
2019-04-01 17:00:00+02:00,0.27177873
2019-04-01 17:05:00+02:00,0.26876536
2019-04-01 17:10:00+02:00,0.26530924
2019-04-01 17:15:00+02:00,0.26900008
2019-04-01 17:20:00+02:00,0.32278016
2019-04-01 17:25:00+02:00,0.33645502
2019-04-01 17:30:00+02:00,0.41625848
2019-04-01 17:35:00+02:00,0.4213306
2019-04-01 17:40:00+02:00,0.39706746
2019-04-01 17:45:00+02:00,0.38742653
2019-04-01 17:50:00+02:00,0.3317385
2019-04-01 17:55:00+02:00,0.3228406
2019-04-01 18:00:00+02:00,0.35078433
2019-04-01 18:05:00+02:00,0.37444082
2019-04-01 18:10:00+02:00,0.34427753
2019-04-01 18:15:00+02:00,0.32143226
2019-04-01 18:20:00+02:00,0.3166217
2019-04-01 18:25:00+02:00,0.33218792
2019-04-01 18:30:00+02:00,0.32841244
2019-04-01 18:35:00+02:00,0.33599308
2019-04-01 18:40:00+02:00,0.32768348
2019-04-01 18:45:00+02:00,0.30966333
2019-04-01 18:50:00+02:00,0.325205
2019-04-01 18:55:00+02:00,0.38611498
2019-04-01 19:00:00+02:00,0.33109632
2019-04-01 19:05:00+02:00,0.30754486
2019-04-01 19:10:00+02:00,0.35107103
2019-04-01 19:15:00+02:00,0.29635206
2019-04-01 19:20:00+02:00,0.30727008
2019-04-01 19:25:00+02:00,0.35798374
2019-04-01 19:30:00+02:00,0.32279208
2019-04-01 19:35:00+02:00,0.31991985
2019-04-01 19:40:00+02:00,0.3389056
2019-04-01 19:45:00+02:00,0.36294463
2019-04-01 19:50:00+02:00,0.31003633
2019-04-01 19:55:00+02:00,0.32447103
2019-04-01 20:00:00+02:00,0.39235106
2019-04-01 20:05:00+02:00,0.3519552
2019-04-01 20:10:00+02:00,0.36919478
2019-04-01 20:15:00+02:00,0.41543642
2019-04-01 20:20:00+02:00,0.42406932
2019-04-01 20:25:00+02:00,0.36525157
2019-04-01 20:30:00+02:00,0.38111988
2019-04-01 20:35:00+02:00,0.35684827
2019-04-01 20:40:00+02:00,0.3633094
2019-04-01 20:45:00+02:00,0.44214764
2019-04-01 20:50:00+02:00,0.59029967
2019-04-01 20:55:00+02:00,0.55972713
2019-04-01 21:00:00+02:00,0.50755286
2019-04-01 21:05:00+02:00,0.54123116
2019-04-01 21:10:00+02:00,0.515152
2019-04-01 21:15:00+02:00,0.49946216
2019-04-01 21:20:00+02:00,0.51881504
2019-04-01 21:25:00+02:00,0.46556476
2019-04-01 21:30:00+02:00,0.53588855
2019-04-01 21:35:00+02:00,0.5806073
2019-04-01 21:40:00+02:00,0.55087477
2019-04-01 21:45:00+02:00,0.5297822
2019-04-01 21:50:00+02:00,0.5441212
2019-04-01 21:55:00+02:00,0.5507958
2019-04-01 22:00:00+02:00,0.46452275
2019-04-01 22:05:00+02:00,0.42540982
2019-04-01 22:10:00+02:00,0.43587306
2019-04-01 22:15:00+02:00,0.5147017
2019-04-01 22:20:00+02:00,0.5428514
2019-04-01 22:25:00+02:00,0.53663135
2019-04-01 22:30:00+02:00,0.5297784
2019-04-01 22:35:00+02:00,0.560984
2019-04-01 22:40:00+02:00,0.5326164
2019-04-01 22:45:00+02:00,0.48977283
2019-04-01 22:50:00+02:00,0.48088458
2019-04-01 22:55:00+02:00,0.6773885
2019-04-01 23:00:00+02:00,2.5442193
2019-04-01 23:05:00+02:00,2.1377704
2019-04-01 23:10:00+02:00,2.3796778
2019-04-01 23:15:00+02:00,0.8281106
2019-04-01 23:20:00+02:00,0.5694002
2019-04-01 23:25:00+02:00,0.67424333
2019-04-01 23:30:00+02:00,0.67339593
2019-04-01 23:35:00+02:00,0.51504976
2019-04-01 23:40:00+02:00,0.5200839
2019-04-01 23:45:00+02:00,0.5120332
2019-04-01 23:50:00+02:00,0.50096637
2019-04-01 23:55:00+02:00,0.5098816
2019-04-02 00:00:00+02:00,0.54577076
2019-04-02 00:05:00+02:00,0.59167063
2019-04-02 00:10:00+02:00,0.53844064
2019-04-02 00:15:00+02:00,0.55496824
2019-04-02 00:20:00+02:00,0.5656604
2019-04-02 00:25:00+02:00,0.5648711
2019-04-02 00:30:00+02:00,0.5341028
2019-04-02 00:35:00+02:00,0.5717932
2019-04-02 00:40:00+02:00,0.6020204
2019-04-02 00:45:00+02:00,0.5179919
2019-04-02 00:50:00+02:00,0.48680833
2019-04-02 00:55:00+02:00,0.54589045
2019-04-02 01:00:00+02:00,0.5281677
2019-04-02 01:05:00+02:00,0.47256497
2019-04-02 01:10:00+02:00,0.49826375
2019-04-02 01:15:00+02:00,0.5644523
2019-04-02 01:20:00+02:00,0.47979692
2019-04-02 01:25:00+02:00,0.5178733
2019-04-02 01:30:00+02:00,0.57200027
2019-04-02 01:35:00+02:00,0.54964125
2019-04-02 01:40:00+02:00,0.5638423
2019-04-02 01:45:00+02:00,0.5323366
2019-04-02 01:50:00+02:00,0.55706316
2019-04-02 01:55:00+02:00,0.50467306
2019-04-02 02:00:00+02:00,0.43594947
2019-04-02 02:05:00+02:00,0.5109471
2019-04-02 02:10:00+02:00,0.5135208
2019-04-02 02:15:00+02:00,0.51457334
2019-04-02 02:20:00+02:00,0.5463373
2019-04-02 02:25:00+02:00,0.5087071
2019-04-02 02:30:00+02:00,0.47147825
2019-04-02 02:35:00+02:00,0.4147927
2019-04-02 02:40:00+02:00,0.39081565
2019-04-02 02:45:00+02:00,0.44405785
2019-04-02 02:50:00+02:00,0.42356315
2019-04-02 02:55:00+02:00,0.39332286
2019-04-02 03:00:00+02:00,0.4068493
2019-04-02 03:05:00+02:00,0.42503408
2019-04-02 03:10:00+02:00,0.3912839
2019-04-02 03:15:00+02:00,0.37513426
2019-04-02 03:20:00+02:00,0.39716187
2019-04-02 03:25:00+02:00,0.43544784
2019-04-02 03:30:00+02:00,0.45350948
2019-04-02 03:35:00+02:00,0.46990553
2019-04-02 03:40:00+02:00,0.42646614
2019-04-02 03:45:00+02:00,0.39896038
2019-04-02 03:50:00+02:00,0.39271477
2019-04-02 03:55:00+02:00,0.3952779
2019-04-02 04:00:00+02:00,0.4001836
2019-04-02 04:05:00+02:00,0.28303614
2019-04-02 04:10:00+02:00,0.23886362
2019-04-02 04:15:00+02:00,0.21089748
2019-04-02 04:20:00+02:00,0.19503298
2019-04-02 04:25:00+02:00,0.2029852
2019-04-02 04:30:00+02:00,0.18091312
2019-04-02 04:35:00+02:00,0.16982809
2019-04-02 04:40:00+02:00,0.22643223
2019-04-02 04:45:00+02:00,0.20690659
2019-04-02 04:50:00+02:00,0.17682317
2019-04-02 04:55:00+02:00,0.17464831
2019-04-02 05:00:00+02:00,0.20858517
2019-04-02 05:05:00+02:00,0.23556724
2019-04-02 05:10:00+02:00,0.19055334
2019-04-02 05:15:00+02:00,0.21650973
2019-04-02 05:20:00+02:00,0.23064461
2019-04-02 05:25:00+02:00,0.22750345
2019-04-02 05:30:00+02:00,0.17383614
2019-04-02 05:35:00+02:00,0.17748597
2019-04-02 05:40:00+02:00,0.20315209
2019-04-02 05:45:00+02:00,0.18149081
2019-04-02 05:50:00+02:00,0.18140832
2019-04-02 05:55:00+02:00,0.20990899
2019-04-02 06:00:00+02:00,0.20774272
2019-04-02 06:05:00+02:00,0.18012181
2019-04-02 06:10:00+02:00,0.19461098
2019-04-02 06:15:00+02:00,0.21329013
2019-04-02 06:20:00+02:00,0.20218137
2019-04-02 06:25:00+02:00,0.20289293
2019-04-02 06:30:00+02:00,0.23387673
2019-04-02 06:35:00+02:00,0.22240332
2019-04-02 06:40:00+02:00,0.18467346
2019-04-02 06:45:00+02:00,0.19703451
2019-04-02 06:50:00+02:00,0.20644966
2019-04-02 06:55:00+02:00,0.22680953
2019-04-02 07:00:00+02:00,0.17538443
2019-04-02 07:05:00+02:00,0.17780748
2019-04-02 07:10:00+02:00,0.17148653
2019-04-02 07:15:00+02:00,0.16825071
2019-04-02 07:20:00+02:00,0.14561072
2019-04-02 07:25:00+02:00,0.23231223
2019-04-02 07:30:00+02:00,0.24524632
2019-04-02 07:35:00+02:00,0.22323743
2019-04-02 07:40:00+02:00,0.24249306
2019-04-02 07:45:00+02:00,0.25054446
2019-04-02 07:50:00+02:00,0.22256973
2019-04-02 07:55:00+02:00,0.22819725
2019-04-02 08:00:00+02:00,0.21959463
2019-04-02 08:05:00+02:00,0.18195334
2019-04-02 08:10:00+02:00,0.16244617
2019-04-02 08:15:00+02:00,0.15180185
2019-04-02 08:20:00+02:00,0.11706104
2019-04-02 08:25:00+02:00,0.12682596
2019-04-02 08:30:00+02:00,0.15528217
2019-04-02 08:35:00+02:00,0.1393266
2019-04-02 08:40:00+02:00,0.1752223
2019-04-02 08:45:00+02:00,0.23317364
2019-04-02 08:50:00+02:00,0.20745519
2019-04-02 08:55:00+02:00,0.20798817
2019-04-02 09:00:00+02:00,0.2032781
2019-04-02 09:05:00+02:00,0.20841447
2019-04-02 09:10:00+02:00,0.22763863
2019-04-02 09:15:00+02:00,0.20331445
2019-04-02 09:20:00+02:00,0.20651582
2019-04-02 09:25:00+02:00,0.21466604
2019-04-02 09:30:00+02:00,0.17511776
2019-04-02 09:35:00+02:00,0.14489618
2019-04-02 09:40:00+02:00,0.18067685
2019-04-02 09:45:00+02:00,0.20135227
2019-04-02 09:50:00+02:00,0.1721429
2019-04-02 09:55:00+02:00,0.11516025
2019-04-02 10:00:00+02:00,0.08284833
2019-04-02 10:05:00+02:00,0.08944871
2019-04-02 10:10:00+02:00,0.11696377
2019-04-02 10:15:00+02:00,0.1001338
2019-04-02 10:20:00+02:00,0.09560933
2019-04-02 10:25:00+02:00,0.10728087
2019-04-02 10:30:00+02:00,0.09942498
2019-04-02 10:35:00+02:00,0.10030737
2019-04-02 10:40:00+02:00,0.09975805
2019-04-02 10:45:00+02:00,0.09631338
2019-04-02 10:50:00+02:00,0.09677746
2019-04-02 10:55:00+02:00,0.07713177
2019-04-02 11:00:00+02:00,0.088745974
2019-04-02 11:05:00+02:00,0.09975805
2019-04-02 11:10:00+02:00,0.08491924
2019-04-02 11:15:00+02:00,0.086163305
2019-04-02 11:20:00+02:00,0.090630434
2019-04-02 11:25:00+02:00,0.085522555
2019-04-02 11:30:00+02:00,0.09665813
2019-04-02 11:35:00+02:00,0.10005429
2019-04-02 11:40:00+02:00,0.099938415
2019-04-02 11:45:00+02:00,0.09275355
2019-04-02 11:50:00+02:00,0.085303925
2019-04-02 11:55:00+02:00,0.09666183
2019-04-02 12:00:00+02:00,0.094221614
2019-04-02 12:05:00+02:00,0.09154024
2019-04-02 12:10:00+02:00,0.09513452
2019-04-02 12:15:00+02:00,0.12623444
2019-04-02 12:20:00+02:00,0.18832794
2019-04-02 12:25:00+02:00,0.2130926
2019-04-02 12:30:00+02:00,0.20516244
2019-04-02 12:35:00+02:00,0.21382728
2019-04-02 12:40:00+02:00,0.2191408
2019-04-02 12:45:00+02:00,0.22379401
2019-04-02 12:50:00+02:00,0.15853897
2019-04-02 12:55:00+02:00,0.10134151
2019-04-02 13:00:00+02:00,0.10113468
2019-04-02 13:05:00+02:00,0.11165287
2019-04-02 13:10:00+02:00,0.090755604
2019-04-02 13:15:00+02:00,0.08777394
2019-04-02 13:20:00+02:00,0.08302834
2019-04-02 13:25:00+02:00,0.07976856
2019-04-02 13:30:00+02:00,0.0787163
2019-04-02 13:35:00+02:00,0.082629345
2019-04-02 13:40:00+02:00,0.088692926
2019-04-02 13:45:00+02:00,0.10933962
2019-04-02 13:50:00+02:00,0.10609426
2019-04-02 13:55:00+02:00,0.10545137
2019-04-02 14:00:00+02:00,0.12435498
2019-04-02 14:05:00+02:00,0.12141087
2019-04-02 14:10:00+02:00,0.11247208
2019-04-02 14:15:00+02:00,0.10824635
2019-04-02 14:20:00+02:00,0.09262564
2019-04-02 14:25:00+02:00,0.08756413
2019-04-02 14:30:00+02:00,0.08171811
2019-04-02 14:35:00+02:00,0.078899644
2019-04-02 14:40:00+02:00,0.081265114
2019-04-02 14:45:00+02:00,0.0743443
2019-04-02 14:50:00+02:00,0.08136072
2019-04-02 14:55:00+02:00,0.096045636
2019-04-02 15:00:00+02:00,0.092043065
2019-04-02 15:05:00+02:00,0.09975185
2019-04-02 15:10:00+02:00,0.11012056
2019-04-02 15:15:00+02:00,0.112894915
2019-04-02 15:20:00+02:00,0.11527576
2019-04-02 15:25:00+02:00,0.112968706
2019-04-02 15:30:00+02:00,0.11306157
2019-04-02 15:35:00+02:00,0.10339179
2019-04-02 15:40:00+02:00,0.09284105
2019-04-02 15:45:00+02:00,0.08837106
2019-04-02 15:50:00+02:00,0.079882406
2019-04-02 15:55:00+02:00,0.078789495
2019-04-02 16:00:00+02:00,0.08363368
2019-04-02 16:05:00+02:00,0.082849406
2019-04-02 16:10:00+02:00,0.0865586
2019-04-02 16:15:00+02:00,0.093390726
2019-04-02 16:20:00+02:00,0.09874072
2019-04-02 16:25:00+02:00,0.10630169
2019-04-02 16:30:00+02:00,0.10716858
2019-04-02 16:35:00+02:00,0.106883906
2019-04-02 16:40:00+02:00,0.11033895
2019-04-02 16:45:00+02:00,0.10531869
2019-04-02 16:50:00+02:00,0.098161004
2019-04-02 16:55:00+02:00,0.09306838
2019-04-02 17:00:00+02:00,0.08887782
2019-04-02 17:05:00+02:00,0.08420839
2019-04-02 17:10:00+02:00,0.0850692
2019-04-02 17:15:00+02:00,0.08692636
2019-04-02 17:20:00+02:00,0.087269805
2019-04-02 17:25:00+02:00,0.090919875
2019-04-02 17:30:00+02:00,0.09719624
2019-04-02 17:35:00+02:00,0.10025694
2019-04-02 17:40:00+02:00,0.10202994
2019-04-02 17:45:00+02:00,0.10714807
2019-04-02 17:50:00+02:00,0.109923266
2019-04-02 17:55:00+02:00,0.10630288
2019-04-02 18:00:00+02:00,0.100080155
2019-04-02 18:05:00+02:00,0.09896173
2019-04-02 18:10:00+02:00,0.096319936
2019-04-02 18:15:00+02:00,0.09063985
2019-04-02 18:20:00+02:00,0.08720245
2019-04-02 18:25:00+02:00,0.08608713
2019-04-02 18:30:00+02:00,0.084400915
2019-04-02 18:35:00+02:00,0.08544149
2019-04-02 18:40:00+02:00,0.08899059
2019-04-02 18:45:00+02:00,0.0906271
2019-04-02 18:50:00+02:00,0.09353139
2019-04-02 18:55:00+02:00,0.0984576
2019-04-02 19:00:00+02:00,0.10148563
2019-04-02 19:05:00+02:00,0.102083586
2019-04-02 19:10:00+02:00,0.10378852
2019-04-02 19:15:00+02:00,0.10298052
2019-04-02 19:20:00+02:00,0.09969654
2019-04-02 19:25:00+02:00,0.09644177
2019-04-02 19:30:00+02:00,0.0930989
2019-04-02 19:35:00+02:00,0.088937424
2019-04-02 19:40:00+02:00,0.08684852
2019-04-02 19:45:00+02:00,0.086716555
2019-04-02 19:50:00+02:00,0.08601632
2019-04-02 19:55:00+02:00,0.08719506
2019-04-02 20:00:00+02:00,0.09094908
2019-04-02 20:05:00+02:00,0.093801044
2019-04-02 20:10:00+02:00,0.09633949
2019-04-02 20:15:00+02:00,0.10059025
2019-04-02 20:20:00+02:00,0.10298731
2019-04-02 20:25:00+02:00,0.10363581
2019-04-02 20:30:00+02:00,0.10370483
2019-04-02 20:35:00+02:00,0.10140278
2019-04-02 20:40:00+02:00,0.097659014
2019-04-02 20:45:00+02:00,0.097233914
2019-04-02 20:50:00+02:00,0.09597852
2019-04-02 20:55:00+02:00,0.091625474
2019-04-02 21:00:00+02:00,0.09173574
2019-04-02 21:05:00+02:00,0.094191216
2019-04-02 21:10:00+02:00,0.0941911
2019-04-02 21:15:00+02:00,0.0941911
2019-04-02 21:20:00+02:00,0.094191216
2019-04-02 21:25:00+02:00,0.094191216
2019-04-02 21:30:00+02:00,0.094191216
2019-04-02 21:35:00+02:00,0.094191216
2019-04-02 21:40:00+02:00,0.094191216
2019-04-02 21:45:00+02:00,0.094191216
2019-04-02 21:50:00+02:00,0.094191216
2019-04-02 21:55:00+02:00,0.094191216
2019-04-02 22:00:00+02:00,0.094191216
2019-04-02 22:05:00+02:00,0.094191216
2019-04-02 22:10:00+02:00,0.094191216
2019-04-02 22:15:00+02:00,0.094191216
2019-04-02 22:20:00+02:00,0.094191216
2019-04-02 22:25:00+02:00,0.094191216
2019-04-02 22:30:00+02:00,0.094191216
2019-04-02 22:35:00+02:00,0.094191216
2019-04-02 22:40:00+02:00,0.094191216
2019-04-02 22:45:00+02:00,0.094191216
2019-04-02 22:50:00+02:00,0.094191216
2019-04-02 22:55:00+02:00,0.094191216
2019-04-02 23:00:00+02:00,0.094191216
2019-04-02 23:05:00+02:00,0.094191216
2019-04-02 23:10:00+02:00,0.094191216
2019-04-02 23:15:00+02:00,0.094191216
2019-04-02 23:20:00+02:00,0.094191216
2019-04-02 23:25:00+02:00,0.094191216
2019-04-02 23:30:00+02:00,0.094191216
2019-04-02 23:35:00+02:00,0.094191216
2019-04-02 23:40:00+02:00,0.094191216
2019-04-02 23:45:00+02:00,0.094191216
2019-04-02 23:50:00+02:00,0.0941911
2019-04-02 23:55:00+02:00,0.0941911
2019-04-03 00:00:00+02:00,0.094191216
2019-04-03 00:05:00+02:00,0.094191216
2019-04-03 00:10:00+02:00,0.094191216
2019-04-03 00:15:00+02:00,0.094191216
2019-04-03 00:20:00+02:00,0.094191216
2019-04-03 00:25:00+02:00,0.094191216
2019-04-03 00:30:00+02:00,0.094191216
2019-04-03 00:35:00+02:00,0.094191216
2019-04-03 00:40:00+02:00,0.094191216
2019-04-03 00:45:00+02:00,0.094191216
2019-04-03 00:50:00+02:00,0.094191216
2019-04-03 00:55:00+02:00,0.094191216
2019-04-03 01:00:00+02:00,0.094191216
2019-04-03 01:05:00+02:00,0.094191216
2019-04-03 01:10:00+02:00,0.094191216
2019-04-03 01:15:00+02:00,0.094191216
2019-04-03 01:20:00+02:00,0.094191216
2019-04-03 01:25:00+02:00,0.094191216
2019-04-03 01:30:00+02:00,0.094191216
2019-04-03 01:35:00+02:00,0.094191216
2019-04-03 01:40:00+02:00,0.094191216
2019-04-03 01:45:00+02:00,0.094191216
2019-04-03 01:50:00+02:00,0.094191216
2019-04-03 01:55:00+02:00,0.094191216
2019-04-03 02:00:00+02:00,0.094191216
2019-04-03 02:05:00+02:00,0.094191216
2019-04-03 02:10:00+02:00,0.094191216
2019-04-03 02:15:00+02:00,0.094191216
2019-04-03 02:20:00+02:00,0.094191216
2019-04-03 02:25:00+02:00,0.094191216
2019-04-03 02:30:00+02:00,0.0941911
2019-04-03 02:35:00+02:00,0.0941911
2019-04-03 02:40:00+02:00,0.094191216
2019-04-03 02:45:00+02:00,0.094191216
2019-04-03 02:50:00+02:00,0.094191216
2019-04-03 02:55:00+02:00,0.094191216
2019-04-03 03:00:00+02:00,0.094191216
2019-04-03 03:05:00+02:00,0.094191216
2019-04-03 03:10:00+02:00,0.094191216
2019-04-03 03:15:00+02:00,0.094191216
2019-04-03 03:20:00+02:00,0.094191216
2019-04-03 03:25:00+02:00,0.094191216
2019-04-03 03:30:00+02:00,0.094191216
2019-04-03 03:35:00+02:00,0.094191216
2019-04-03 03:40:00+02:00,0.094191216
2019-04-03 03:45:00+02:00,0.094191216
2019-04-03 03:50:00+02:00,0.094191216
2019-04-03 03:55:00+02:00,0.094191216
2019-04-03 04:00:00+02:00,0.094191216
2019-04-03 04:05:00+02:00,0.094191216
2019-04-03 04:10:00+02:00,0.094191216
2019-04-03 04:15:00+02:00,0.094191216
2019-04-03 04:20:00+02:00,0.094191216
2019-04-03 04:25:00+02:00,0.094191216
2019-04-03 04:30:00+02:00,0.094191216
2019-04-03 04:35:00+02:00,0.094191216
2019-04-03 04:40:00+02:00,0.094191216
2019-04-03 04:45:00+02:00,0.094191216
2019-04-03 04:50:00+02:00,0.094191216
2019-04-03 04:55:00+02:00,0.094191216
2019-04-03 05:00:00+02:00,0.094191216
2019-04-03 05:05:00+02:00,0.094191216
2019-04-03 05:10:00+02:00,0.0941911
2019-04-03 05:15:00+02:00,0.0941911
2019-04-03 05:20:00+02:00,0.094191216
2019-04-03 05:25:00+02:00,0.094191216
2019-04-03 05:30:00+02:00,0.094191216
2019-04-03 05:35:00+02:00,0.094191216
2019-04-03 05:40:00+02:00,0.094191216
2019-04-03 05:45:00+02:00,0.094191216
2019-04-03 05:50:00+02:00,0.094191216
2019-04-03 05:55:00+02:00,0.094191216
2019-04-03 06:00:00+02:00,0.094191216
2019-04-03 06:05:00+02:00,0.094191216
2019-04-03 06:10:00+02:00,0.094191216
2019-04-03 06:15:00+02:00,0.094191216
2019-04-03 06:20:00+02:00,0.094191216
2019-04-03 06:25:00+02:00,0.094191216
2019-04-03 06:30:00+02:00,0.094191216
2019-04-03 06:35:00+02:00,0.094191216
2019-04-03 06:40:00+02:00,0.094191216
2019-04-03 06:45:00+02:00,0.094191216
2019-04-03 06:50:00+02:00,0.094191216
2019-04-03 06:55:00+02:00,0.094191216
2019-04-03 07:00:00+02:00,0.094191216
2019-04-03 07:05:00+02:00,0.094191216
2019-04-03 07:10:00+02:00,0.094191216
2019-04-03 07:15:00+02:00,0.094191216
2019-04-03 07:20:00+02:00,0.094191216
2019-04-03 07:25:00+02:00,0.094191216
2019-04-03 07:30:00+02:00,0.094191216
2019-04-03 07:35:00+02:00,0.094191216
2019-04-03 07:40:00+02:00,0.094191216
2019-04-03 07:45:00+02:00,0.094191216
2019-04-03 07:50:00+02:00,0.0941911
2019-04-03 07:55:00+02:00,0.0941911
2019-04-03 08:00:00+02:00,0.094191216
2019-04-03 08:05:00+02:00,0.094191216
2019-04-03 08:10:00+02:00,0.094191216
2019-04-03 08:15:00+02:00,0.094191216
2019-04-03 08:20:00+02:00,0.094191216
2019-04-03 08:25:00+02:00,0.094191216
2019-04-03 08:30:00+02:00,0.094191216
2019-04-03 08:35:00+02:00,0.094191216
2019-04-03 08:40:00+02:00,0.094191216
2019-04-03 08:45:00+02:00,0.094191216
2019-04-03 08:50:00+02:00,0.094191216
2019-04-03 08:55:00+02:00,0.094191216
2019-04-03 09:00:00+02:00,0.094191216
2019-04-03 09:05:00+02:00,0.094191216
2019-04-03 09:10:00+02:00,0.094191216
2019-04-03 09:15:00+02:00,0.094191216
2019-04-03 09:20:00+02:00,0.094191216
2019-04-03 09:25:00+02:00,0.094191216
2019-04-03 09:30:00+02:00,0.094191216
2019-04-03 09:35:00+02:00,0.094191216
2019-04-03 09:40:00+02:00,0.094191216
2019-04-03 09:45:00+02:00,0.094191216
2019-04-03 09:50:00+02:00,0.094191216
2019-04-03 09:55:00+02:00,0.094191216
2019-04-03 10:00:00+02:00,0.094191216
2019-04-03 10:05:00+02:00,0.094191216
2019-04-03 10:10:00+02:00,0.094191216
2019-04-03 10:15:00+02:00,0.094191216
2019-04-03 10:20:00+02:00,0.094191216
2019-04-03 10:25:00+02:00,0.094191216
2019-04-03 10:30:00+02:00,0.0941911
2019-04-03 10:35:00+02:00,0.0941911
2019-04-03 10:40:00+02:00,0.094191216
2019-04-03 10:45:00+02:00,0.094191216
2019-04-03 10:50:00+02:00,0.094191216
2019-04-03 10:55:00+02:00,0.094191216
2019-04-03 11:00:00+02:00,0.094191216
2019-04-03 11:05:00+02:00,0.094191216
2019-04-03 11:10:00+02:00,0.094191216
2019-04-03 11:15:00+02:00,0.094191216
2019-04-03 11:20:00+02:00,0.094191216
2019-04-03 11:25:00+02:00,0.094191216
2019-04-03 11:30:00+02:00,0.094191216
2019-04-03 11:35:00+02:00,0.094191216
2019-04-03 11:40:00+02:00,0.094191216
2019-04-03 11:45:00+02:00,0.094191216
2019-04-03 11:50:00+02:00,0.094191216
2019-04-03 11:55:00+02:00,0.094191216
2019-04-03 12:00:00+02:00,0.094191216
2019-04-03 12:05:00+02:00,0.094191216
2019-04-03 12:10:00+02:00,0.094191216
2019-04-03 12:15:00+02:00,0.094191216
2019-04-03 12:20:00+02:00,0.094191216
2019-04-03 12:25:00+02:00,0.094191216
2019-04-03 12:30:00+02:00,0.094191216
2019-04-03 12:35:00+02:00,0.094191216
2019-04-03 12:40:00+02:00,0.094191216
2019-04-03 12:45:00+02:00,0.094191216
2019-04-03 12:50:00+02:00,0.094191216
2019-04-03 12:55:00+02:00,0.094191216
2019-04-03 13:00:00+02:00,0.094191216
2019-04-03 13:05:00+02:00,0.094191216
2019-04-03 13:10:00+02:00,0.0941911
2019-04-03 13:15:00+02:00,0.0941911
2019-04-03 13:20:00+02:00,0.094191216
2019-04-03 13:25:00+02:00,0.094191216
2019-04-03 13:30:00+02:00,0.094191216
2019-04-03 13:35:00+02:00,0.094191216
2019-04-03 13:40:00+02:00,0.094191216
2019-04-03 13:45:00+02:00,0.094191216
2019-04-03 13:50:00+02:00,0.094191216
2019-04-03 13:55:00+02:00,0.094191216
2019-04-03 14:00:00+02:00,0.094191216
2019-04-03 14:05:00+02:00,0.094191216
2019-04-03 14:10:00+02:00,0.094191216
2019-04-03 14:15:00+02:00,0.094191216
2019-04-03 14:20:00+02:00,0.094191216
2019-04-03 14:25:00+02:00,0.094191216
2019-04-03 14:30:00+02:00,0.094191216
2019-04-03 14:35:00+02:00,0.094191216
2019-04-03 14:40:00+02:00,0.094191216
2019-04-03 14:45:00+02:00,0.094191216
2019-04-03 14:50:00+02:00,0.094191216
2019-04-03 14:55:00+02:00,0.094191216
2019-04-03 15:00:00+02:00,0.094191216
2019-04-03 15:05:00+02:00,0.094191216
2019-04-03 15:10:00+02:00,0.094191216
2019-04-03 15:15:00+02:00,0.094191216
2019-04-03 15:20:00+02:00,0.094191216
2019-04-03 15:25:00+02:00,0.094191216
2019-04-03 15:30:00+02:00,0.094191216
2019-04-03 15:35:00+02:00,0.094191216
2019-04-03 15:40:00+02:00,0.094191216
2019-04-03 15:45:00+02:00,0.094191216
2019-04-03 15:50:00+02:00,0.0941911
2019-04-03 15:55:00+02:00,0.0941911
2019-04-03 16:00:00+02:00,0.094191216
2019-04-03 16:05:00+02:00,0.094191216
2019-04-03 16:10:00+02:00,0.094191216
2019-04-03 16:15:00+02:00,0.094191216
2019-04-03 16:20:00+02:00,0.094191216
2019-04-03 16:25:00+02:00,0.094191216
2019-04-03 16:30:00+02:00,0.094191216
2019-04-03 16:35:00+02:00,0.094191216
2019-04-03 16:40:00+02:00,0.094191216
2019-04-03 16:45:00+02:00,0.094191216
2019-04-03 16:50:00+02:00,0.094191216
2019-04-03 16:55:00+02:00,0.094191216
2019-04-03 17:00:00+02:00,0.094191216
2019-04-03 17:05:00+02:00,0.094191216
2019-04-03 17:10:00+02:00,0.094191216
2019-04-03 17:15:00+02:00,0.094191216
2019-04-03 17:20:00+02:00,0.094191216
2019-04-03 17:25:00+02:00,0.094191216
2019-04-03 17:30:00+02:00,0.094191216
2019-04-03 17:35:00+02:00,0.094191216
2019-04-03 17:40:00+02:00,0.094191216
2019-04-03 17:45:00+02:00,0.094191216
2019-04-03 17:50:00+02:00,0.094191216
2019-04-03 17:55:00+02:00,0.094191216
2019-04-03 18:00:00+02:00,0.094191216
2019-04-03 18:05:00+02:00,0.094191216
2019-04-03 18:10:00+02:00,0.094191216
2019-04-03 18:15:00+02:00,0.094191216
2019-04-03 18:20:00+02:00,0.094191216
2019-04-03 18:25:00+02:00,0.094191216
2019-04-03 18:30:00+02:00,0.0941911
2019-04-03 18:35:00+02:00,0.0941911
2019-04-03 18:40:00+02:00,0.094191216
2019-04-03 18:45:00+02:00,0.094191216
2019-04-03 18:50:00+02:00,0.094191216
2019-04-03 18:55:00+02:00,0.094191216
2019-04-03 19:00:00+02:00,0.094191216
2019-04-03 19:05:00+02:00,0.094191216
2019-04-03 19:10:00+02:00,0.094191216
2019-04-03 19:15:00+02:00,0.094191216
2019-04-03 19:20:00+02:00,0.094191216
2019-04-03 19:25:00+02:00,0.094191216
2019-04-03 19:30:00+02:00,0.094191216
2019-04-03 19:35:00+02:00,0.094191216
2019-04-03 19:40:00+02:00,0.094191216
2019-04-03 19:45:00+02:00,0.094191216
2019-04-03 19:50:00+02:00,0.094191216
2019-04-03 19:55:00+02:00,0.094191216
2019-04-03 20:00:00+02:00,0.094191216
2019-04-03 20:05:00+02:00,0.094191216
2019-04-03 20:10:00+02:00,0.094191216
2019-04-03 20:15:00+02:00,0.094191216
2019-04-03 20:20:00+02:00,0.094191216
2019-04-03 20:25:00+02:00,0.094191216
2019-04-03 20:30:00+02:00,0.094191216
2019-04-03 20:35:00+02:00,0.094191216
2019-04-03 20:40:00+02:00,0.094191216
2019-04-03 20:45:00+02:00,0.094191216
2019-04-03 20:50:00+02:00,0.094191216
2019-04-03 20:55:00+02:00,0.094191216
2019-04-03 21:00:00+02:00,0.094191216
2019-04-03 21:05:00+02:00,0.094191216
2019-04-03 21:10:00+02:00,0.0941911
2019-04-03 21:15:00+02:00,0.0941911
2019-04-03 21:20:00+02:00,0.094191216
2019-04-03 21:25:00+02:00,0.094191216
2019-04-03 21:30:00+02:00,0.094191216
2019-04-03 21:35:00+02:00,0.094191216
2019-04-03 21:40:00+02:00,0.094191216
2019-04-03 21:45:00+02:00,0.094191216
2019-04-03 21:50:00+02:00,0.094191216
2019-04-03 21:55:00+02:00,0.094191216
2019-04-03 22:00:00+02:00,0.094191216
2019-04-03 22:05:00+02:00,0.094191216
2019-04-03 22:10:00+02:00,0.094191216
2019-04-03 22:15:00+02:00,0.094191216
2019-04-03 22:20:00+02:00,0.094191216
2019-04-03 22:25:00+02:00,0.094191216
2019-04-03 22:30:00+02:00,0.094191216
2019-04-03 22:35:00+02:00,0.094191216
2019-04-03 22:40:00+02:00,0.094191216
2019-04-03 22:45:00+02:00,0.094191216
2019-04-03 22:50:00+02:00,0.094191216
2019-04-03 22:55:00+02:00,0.094191216
2019-04-03 23:00:00+02:00,0.094191216
2019-04-03 23:05:00+02:00,0.094191216
2019-04-03 23:10:00+02:00,0.094191216
2019-04-03 23:15:00+02:00,0.094191216
2019-04-03 23:20:00+02:00,0.094191216
2019-04-03 23:25:00+02:00,0.094191216
2019-04-03 23:30:00+02:00,0.094191216
2019-04-03 23:35:00+02:00,0.094191216
2019-04-03 23:40:00+02:00,0.094191216
2019-04-03 23:45:00+02:00,0.094191216
2019-04-03 23:50:00+02:00,0.0941911
2019-04-03 23:55:00+02:00,0.0941911
2019-04-04 00:00:00+02:00,0.094191216
2019-04-04 00:05:00+02:00,0.094191216
2019-04-04 00:10:00+02:00,0.094191216
2019-04-04 00:15:00+02:00,0.094191216
2019-04-04 00:20:00+02:00,0.094191216
2019-04-04 00:25:00+02:00,0.094191216
2019-04-04 00:30:00+02:00,0.094191216
2019-04-04 00:35:00+02:00,0.094191216
2019-04-04 00:40:00+02:00,0.094191216
2019-04-04 00:45:00+02:00,0.094191216
2019-04-04 00:50:00+02:00,0.094191216
2019-04-04 00:55:00+02:00,0.094191216
2019-04-04 01:00:00+02:00,0.094191216
2019-04-04 01:05:00+02:00,0.094191216
2019-04-04 01:10:00+02:00,0.094191216
2019-04-04 01:15:00+02:00,0.094191216
2019-04-04 01:20:00+02:00,0.094191216
2019-04-04 01:25:00+02:00,0.094191216
2019-04-04 01:30:00+02:00,0.094191216
2019-04-04 01:35:00+02:00,0.094191216
2019-04-04 01:40:00+02:00,0.094191216
2019-04-04 01:45:00+02:00,0.094191216
2019-04-04 01:50:00+02:00,0.094191216
2019-04-04 01:55:00+02:00,0.094191216
2019-04-04 02:00:00+02:00,0.094191216
2019-04-04 02:05:00+02:00,0.094191216
2019-04-04 02:10:00+02:00,0.094191216
2019-04-04 02:15:00+02:00,0.094191216
2019-04-04 02:20:00+02:00,0.094191216
2019-04-04 02:25:00+02:00,0.094191216
2019-04-04 02:30:00+02:00,0.0941911
2019-04-04 02:35:00+02:00,0.0941911
2019-04-04 02:40:00+02:00,0.094191216
2019-04-04 02:45:00+02:00,0.094191216
2019-04-04 02:50:00+02:00,0.094191216
2019-04-04 02:55:00+02:00,0.094191216
2019-04-04 03:00:00+02:00,0.094191216
2019-04-04 03:05:00+02:00,0.094191216
2019-04-04 03:10:00+02:00,0.094191216
2019-04-04 03:15:00+02:00,0.094191216
2019-04-04 03:20:00+02:00,0.094191216
2019-04-04 03:25:00+02:00,0.094191216
2019-04-04 03:30:00+02:00,0.094191216
2019-04-04 03:35:00+02:00,0.094191216
2019-04-04 03:40:00+02:00,0.094191216
2019-04-04 03:45:00+02:00,0.094191216
2019-04-04 03:50:00+02:00,0.094191216
2019-04-04 03:55:00+02:00,0.094191216
2019-04-04 04:00:00+02:00,0.094191216
2019-04-04 04:05:00+02:00,0.094191216
2019-04-04 04:10:00+02:00,0.094191216
2019-04-04 04:15:00+02:00,0.094191216
2019-04-04 04:20:00+02:00,0.094191216
2019-04-04 04:25:00+02:00,0.094191216
2019-04-04 04:30:00+02:00,0.094191216
2019-04-04 04:35:00+02:00,0.094191216
2019-04-04 04:40:00+02:00,0.094191216
2019-04-04 04:45:00+02:00,0.094191216
2019-04-04 04:50:00+02:00,0.094191216
2019-04-04 04:55:00+02:00,0.094191216
2019-04-04 05:00:00+02:00,0.094191216
2019-04-04 05:05:00+02:00,0.094191216
2019-04-04 05:10:00+02:00,0.0941911
2019-04-04 05:15:00+02:00,0.0941911
2019-04-04 05:20:00+02:00,0.094191216
2019-04-04 05:25:00+02:00,0.094191216
2019-04-04 05:30:00+02:00,0.094191216
2019-04-04 05:35:00+02:00,0.094191216
2019-04-04 05:40:00+02:00,0.094191216
2019-04-04 05:45:00+02:00,0.094191216
2019-04-04 05:50:00+02:00,0.094191216
2019-04-04 05:55:00+02:00,0.094191216
2019-04-04 06:00:00+02:00,0.094191216
2019-04-04 06:05:00+02:00,0.094191216
2019-04-04 06:10:00+02:00,0.094191216
2019-04-04 06:15:00+02:00,0.094191216
2019-04-04 06:20:00+02:00,0.094191216
2019-04-04 06:25:00+02:00,0.094191216
2019-04-04 06:30:00+02:00,0.094191216
2019-04-04 06:35:00+02:00,0.094191216
2019-04-04 06:40:00+02:00,0.094191216
2019-04-04 06:45:00+02:00,0.41649285
2019-04-04 06:50:00+02:00,2.1157198
2019-04-04 06:55:00+02:00,2.7814739
2019-04-04 07:00:00+02:00,3.0160105
2019-04-04 07:05:00+02:00,3.0505502
2019-04-04 07:10:00+02:00,2.8886907
2019-04-04 07:15:00+02:00,2.995318
2019-04-04 07:20:00+02:00,2.8205464
2019-04-04 07:25:00+02:00,2.761263
2019-04-04 07:30:00+02:00,2.749841
2019-04-04 07:35:00+02:00,2.5469432
2019-04-04 07:40:00+02:00,1.9896337
2019-04-04 07:45:00+02:00,1.3060286
2019-04-04 07:50:00+02:00,1.2638896
2019-04-04 07:55:00+02:00,1.116877
2019-04-04 08:00:00+02:00,1.0443481
2019-04-04 08:05:00+02:00,1.0120202
2019-04-04 08:10:00+02:00,1.0172628
2019-04-04 08:15:00+02:00,1.0525194
2019-04-04 08:20:00+02:00,0.9190968
2019-04-04 08:25:00+02:00,0.9809684
2019-04-04 08:30:00+02:00,1.0735737
2019-04-04 08:35:00+02:00,1.1478173
2019-04-04 08:40:00+02:00,1.0487478
2019-04-04 08:45:00+02:00,1.1585077
2019-04-04 08:50:00+02:00,0.94045377
2019-04-04 08:55:00+02:00,1.1684624
2019-04-04 09:00:00+02:00,1.07058
2019-04-04 09:05:00+02:00,1.0168848
2019-04-04 09:10:00+02:00,1.1217806
2019-04-04 09:15:00+02:00,0.8303845
2019-04-04 09:20:00+02:00,0.32550135
2019-04-04 09:25:00+02:00,0.13100722
2019-04-04 09:30:00+02:00,0.11698117
2019-04-04 09:35:00+02:00,0.124557994
2019-04-04 09:40:00+02:00,0.105053686
2019-04-04 09:45:00+02:00,0.13731375
2019-04-04 09:50:00+02:00,0.113878034
2019-04-04 09:55:00+02:00,0.034430884
2019-04-04 10:00:00+02:00,0.06742146
2019-04-04 10:05:00+02:00,0.067735575
2019-04-04 10:10:00+02:00,0.033821248
2019-04-04 10:15:00+02:00,0.11025789
2019-04-04 10:20:00+02:00,0.13192299
2019-04-04 10:25:00+02:00,0.1877611
2019-04-04 10:30:00+02:00,0.3023999
2019-04-04 10:35:00+02:00,0.20527771
2019-04-04 10:40:00+02:00,1.4972973
2019-04-04 10:45:00+02:00,1.6939914
2019-04-04 10:50:00+02:00,1.99612
2019-04-04 10:55:00+02:00,1.5104762
2019-04-04 11:00:00+02:00,1.7624663
2019-04-04 11:05:00+02:00,1.5366693
2019-04-04 11:10:00+02:00,1.6749797
2019-04-04 11:15:00+02:00,0.58289504
2019-04-04 11:20:00+02:00,0.27152076
2019-04-04 11:25:00+02:00,0.15655807
2019-04-04 11:30:00+02:00,0.14214244
2019-04-04 11:35:00+02:00,0.1331059
2019-04-04 11:40:00+02:00,0.13140717
2019-04-04 11:45:00+02:00,0.15432432
2019-04-04 11:50:00+02:00,0.07036211
2019-04-04 11:55:00+02:00,0.009229921
2019-04-04 12:00:00+02:00,0.38834146
2019-04-04 12:05:00+02:00,2.007458
2019-04-04 12:10:00+02:00,1.8189589
2019-04-04 12:15:00+02:00,2.4237845
2019-04-04 12:20:00+02:00,2.198581
2019-04-04 12:25:00+02:00,2.2043111
2019-04-04 12:30:00+02:00,2.3294475
2019-04-04 12:35:00+02:00,2.1321175
2019-04-04 12:40:00+02:00,2.0168278
2019-04-04 12:45:00+02:00,2.0317159
2019-04-04 12:50:00+02:00,1.4073862
2019-04-04 12:55:00+02:00,0.4015377
2019-04-04 13:00:00+02:00,0.21483102
2019-04-04 13:05:00+02:00,0.33856776
2019-04-04 13:10:00+02:00,0.44738057
2019-04-04 13:15:00+02:00,0.4408665
2019-04-04 13:20:00+02:00,0.3833299
2019-04-04 13:25:00+02:00,0.5498847
2019-04-04 13:30:00+02:00,0.38850704
2019-04-04 13:35:00+02:00,0.48154947
2019-04-04 13:40:00+02:00,0.59793395
2019-04-04 13:45:00+02:00,0.61171865
2019-04-04 13:50:00+02:00,0.695995
2019-04-04 13:55:00+02:00,0.7196297
2019-04-04 14:00:00+02:00,0.46694914
2019-04-04 14:05:00+02:00,0.48273435
2019-04-04 14:10:00+02:00,2.0812612
2019-04-04 14:15:00+02:00,2.4948914
2019-04-04 14:20:00+02:00,2.6540449
2019-04-04 14:25:00+02:00,2.7515619
2019-04-04 14:30:00+02:00,2.7604172
2019-04-04 14:35:00+02:00,2.6303394
2019-04-04 14:40:00+02:00,2.610943
2019-04-04 14:45:00+02:00,2.637139
2019-04-04 14:50:00+02:00,2.542683
2019-04-04 14:55:00+02:00,1.3335818
2019-04-04 15:00:00+02:00,0.5794312
2019-04-04 15:05:00+02:00,0.59563375
2019-04-04 15:10:00+02:00,0.67578137
2019-04-04 15:15:00+02:00,0.9657525
2019-04-04 15:20:00+02:00,0.9068427
2019-04-04 15:25:00+02:00,1.2651467
2019-04-04 15:30:00+02:00,0.53404844
2019-04-04 15:35:00+02:00,0.6928713
2019-04-04 15:40:00+02:00,1.1128416
2019-04-04 15:45:00+02:00,0.64404297
2019-04-04 15:50:00+02:00,0.6342638
2019-04-04 15:55:00+02:00,0.7477362
2019-04-04 16:00:00+02:00,0.6545825
2019-04-04 16:05:00+02:00,0.59266645
2019-04-04 16:10:00+02:00,0.64298403
2019-04-04 16:15:00+02:00,0.6849874
2019-04-04 16:20:00+02:00,0.75018615
2019-04-04 16:25:00+02:00,0.6850898
2019-04-04 16:30:00+02:00,0.7613805
2019-04-04 16:35:00+02:00,0.6836962
2019-04-04 16:40:00+02:00,0.74471545
2019-04-04 16:45:00+02:00,0.7098861
2019-04-04 16:50:00+02:00,0.69034183
2019-04-04 16:55:00+02:00,0.7269651
2019-04-04 17:00:00+02:00,1.0699444
2019-04-04 17:05:00+02:00,1.0700052
2019-04-04 17:10:00+02:00,1.0617968
2019-04-04 17:15:00+02:00,1.1916025
2019-04-04 17:20:00+02:00,1.2605871
2019-04-04 17:25:00+02:00,0.79559606
2019-04-04 17:30:00+02:00,0.7140837
2019-04-04 17:35:00+02:00,1.0413989
2019-04-04 17:40:00+02:00,0.6964554
2019-04-04 17:45:00+02:00,0.6128112
2019-04-04 17:50:00+02:00,0.49360785
2019-04-04 17:55:00+02:00,0.46966818
2019-04-04 18:00:00+02:00,0.5568708
2019-04-04 18:05:00+02:00,0.5299504
2019-04-04 18:10:00+02:00,0.531137
2019-04-04 18:15:00+02:00,0.61176
2019-04-04 18:20:00+02:00,0.5438965
2019-04-04 18:25:00+02:00,0.6263952
2019-04-04 18:30:00+02:00,0.6431103
2019-04-04 18:35:00+02:00,0.7756263
2019-04-04 18:40:00+02:00,0.98179424
2019-04-04 18:45:00+02:00,0.8278333
2019-04-04 18:50:00+02:00,1.187572
2019-04-04 18:55:00+02:00,0.72640324
2019-04-04 19:00:00+02:00,2.2529073
2019-04-04 19:05:00+02:00,2.330004
2019-04-04 19:10:00+02:00,2.3925314
2019-04-04 19:15:00+02:00,2.746874
2019-04-04 19:20:00+02:00,2.7108777
2019-04-04 19:25:00+02:00,2.8988993
2019-04-04 19:30:00+02:00,2.6105928
2019-04-04 19:35:00+02:00,3.0161827
2019-04-04 19:40:00+02:00,3.0084665
2019-04-04 19:45:00+02:00,2.9162726
2019-04-04 19:50:00+02:00,2.9686682
2019-04-04 19:55:00+02:00,2.9211504
2019-04-04 20:00:00+02:00,2.994164
2019-04-04 20:05:00+02:00,2.7884
2019-04-04 20:10:00+02:00,2.9225926
2019-04-04 20:15:00+02:00,2.4553387
2019-04-04 20:20:00+02:00,0.98796624
2019-04-04 20:25:00+02:00,1.1470016
2019-04-04 20:30:00+02:00,1.2282203
2019-04-04 20:35:00+02:00,0.838928
2019-04-04 20:40:00+02:00,0.99315876
2019-04-04 20:45:00+02:00,0.89389694
2019-04-04 20:50:00+02:00,0.8498589
2019-04-04 20:55:00+02:00,0.99043274
2019-04-04 21:00:00+02:00,0.8783499
2019-04-04 21:05:00+02:00,0.9291176
2019-04-04 21:10:00+02:00,0.9867041
2019-04-04 21:15:00+02:00,1.0639784
2019-04-04 21:20:00+02:00,1.055472
2019-04-04 21:25:00+02:00,1.0686287
2019-04-04 21:30:00+02:00,0.9570582
2019-04-04 21:35:00+02:00,0.9519011
2019-04-04 21:40:00+02:00,0.9631315
2019-04-04 21:45:00+02:00,0.8743485
2019-04-04 21:50:00+02:00,1.0316666
2019-04-04 21:55:00+02:00,0.9731117
2019-04-04 22:00:00+02:00,1.05296
2019-04-04 22:05:00+02:00,0.8484683
2019-04-04 22:10:00+02:00,1.0490334
2019-04-04 22:15:00+02:00,1.149261
2019-04-04 22:20:00+02:00,0.8873148
2019-04-04 22:25:00+02:00,1.0492707
2019-04-04 22:30:00+02:00,1.153616
2019-04-04 22:35:00+02:00,0.95497894
2019-04-04 22:40:00+02:00,1.1279985
2019-04-04 22:45:00+02:00,1.1391679
2019-04-04 22:50:00+02:00,1.1731349
2019-04-04 22:55:00+02:00,1.074625
2019-04-04 23:00:00+02:00,1.0509781
2019-04-04 23:05:00+02:00,1.1822153
2019-04-04 23:10:00+02:00,1.0831195
2019-04-04 23:15:00+02:00,1.0778358
2019-04-04 23:20:00+02:00,1.2281438
2019-04-04 23:25:00+02:00,1.0998087
2019-04-04 23:30:00+02:00,1.0371991
2019-04-04 23:35:00+02:00,1.1896708
2019-04-04 23:40:00+02:00,1.1361269
2019-04-04 23:45:00+02:00,1.1896933
2019-04-04 23:50:00+02:00,1.1196785
2019-04-04 23:55:00+02:00,1.2105141
2019-04-05 00:00:00+02:00,1.5411042
2019-04-05 00:05:00+02:00,1.6883048
2019-04-05 00:10:00+02:00,1.3321546
2019-04-05 00:15:00+02:00,1.4636955
2019-04-05 00:20:00+02:00,1.5322675
2019-04-05 00:25:00+02:00,1.3575029
2019-04-05 00:30:00+02:00,1.5300996
2019-04-05 00:35:00+02:00,1.3033224
2019-04-05 00:40:00+02:00,1.3869445
2019-04-05 00:45:00+02:00,1.508615
2019-04-05 00:50:00+02:00,1.6229451
2019-04-05 00:55:00+02:00,1.1544902
2019-04-05 01:00:00+02:00,1.4814312
2019-04-05 01:05:00+02:00,1.4979964
2019-04-05 01:10:00+02:00,1.3223168
2019-04-05 01:15:00+02:00,1.3575817
2019-04-05 01:20:00+02:00,1.4573175
2019-04-05 01:25:00+02:00,1.4472477
2019-04-05 01:30:00+02:00,1.2206544
2019-04-05 01:35:00+02:00,1.3682669
2019-04-05 01:40:00+02:00,1.1543752
2019-04-05 01:45:00+02:00,0.87938
2019-04-05 01:50:00+02:00,0.7660016
2019-04-05 01:55:00+02:00,0.81471467
2019-04-05 02:00:00+02:00,0.76793194
2019-04-05 02:05:00+02:00,0.6705252
2019-04-05 02:10:00+02:00,0.57081777
2019-04-05 02:15:00+02:00,0.820081
2019-04-05 02:20:00+02:00,0.9094046
2019-04-05 02:25:00+02:00,0.76464385
2019-04-05 02:30:00+02:00,0.81531
2019-04-05 02:35:00+02:00,0.84979343
2019-04-05 02:40:00+02:00,0.88931215
2019-04-05 02:45:00+02:00,0.9655279
2019-04-05 02:50:00+02:00,0.8992931
2019-04-05 02:55:00+02:00,0.8110151
2019-04-05 03:00:00+02:00,0.84844005
2019-04-05 03:05:00+02:00,0.9895315
2019-04-05 03:10:00+02:00,0.6912211
2019-04-05 03:15:00+02:00,0.81915754
2019-04-05 03:20:00+02:00,0.92349917
2019-04-05 03:25:00+02:00,0.784167
2019-04-05 03:30:00+02:00,0.71558607
2019-04-05 03:35:00+02:00,0.80705297
2019-04-05 03:40:00+02:00,0.8720133
2019-04-05 03:45:00+02:00,0.71483
2019-04-05 03:50:00+02:00,0.7788666
2019-04-05 03:55:00+02:00,0.87014925
2019-04-05 04:00:00+02:00,0.7603872
2019-04-05 04:05:00+02:00,0.7719545
2019-04-05 04:10:00+02:00,0.8135342
2019-04-05 04:15:00+02:00,0.8723861
2019-04-05 04:20:00+02:00,0.76088405
2019-04-05 04:25:00+02:00,0.7210061
2019-04-05 04:30:00+02:00,0.78835714
2019-04-05 04:35:00+02:00,0.7857875
2019-04-05 04:40:00+02:00,0.7881268
2019-04-05 04:45:00+02:00,0.828964
2019-04-05 04:50:00+02:00,0.81656206
2019-04-05 04:55:00+02:00,0.7567153
2019-04-05 05:00:00+02:00,0.7107268
2019-04-05 05:05:00+02:00,0.9493742
2019-04-05 05:10:00+02:00,0.74248856
2019-04-05 05:15:00+02:00,0.7915578
2019-04-05 05:20:00+02:00,0.93765485
2019-04-05 05:25:00+02:00,0.84591734
2019-04-05 05:30:00+02:00,0.77330506
2019-04-05 05:35:00+02:00,0.84793854
2019-04-05 05:40:00+02:00,0.94024783
2019-04-05 05:45:00+02:00,0.7499496
2019-04-05 05:50:00+02:00,0.8108914
2019-04-05 05:55:00+02:00,0.86151576
2019-04-05 06:00:00+02:00,0.868013
2019-04-05 06:05:00+02:00,0.73090607
2019-04-05 06:10:00+02:00,0.8978628
2019-04-05 06:15:00+02:00,0.9151633
2019-04-05 06:20:00+02:00,0.75090545
2019-04-05 06:25:00+02:00,0.8186287
2019-04-05 06:30:00+02:00,0.86144567
2019-04-05 06:35:00+02:00,0.7883964
2019-04-05 06:40:00+02:00,0.8585197
2019-04-05 06:45:00+02:00,0.9118179
2019-04-05 06:50:00+02:00,0.7894577
2019-04-05 06:55:00+02:00,0.95866454
2019-04-05 07:00:00+02:00,0.79016733
2019-04-05 07:05:00+02:00,0.7904653
2019-04-05 07:10:00+02:00,0.77643955
2019-04-05 07:15:00+02:00,0.80201465
2019-04-05 07:20:00+02:00,0.83008134
2019-04-05 07:25:00+02:00,0.7373779
2019-04-05 07:30:00+02:00,0.7365348
2019-04-05 07:35:00+02:00,0.8093856
2019-04-05 07:40:00+02:00,1.0022082
2019-04-05 07:45:00+02:00,0.75495887
2019-04-05 07:50:00+02:00,0.85381794
2019-04-05 07:55:00+02:00,0.9729311
2019-04-05 08:00:00+02:00,1.4157497
2019-04-05 08:05:00+02:00,1.0572141
2019-04-05 08:10:00+02:00,1.5755635
2019-04-05 08:15:00+02:00,1.6926621
2019-04-05 08:20:00+02:00,1.2076682
2019-04-05 08:25:00+02:00,1.5208701
2019-04-05 08:30:00+02:00,1.69756
2019-04-05 08:35:00+02:00,1.3394663
2019-04-05 08:40:00+02:00,1.5618243
2019-04-05 08:45:00+02:00,1.6737248
2019-04-05 08:50:00+02:00,1.3529642
2019-04-05 08:55:00+02:00,1.2585863
2019-04-05 09:00:00+02:00,1.3959329
2019-04-05 09:05:00+02:00,1.3872694
2019-04-05 09:10:00+02:00,2.0201044
2019-04-05 09:15:00+02:00,2.3254764
2019-04-05 09:20:00+02:00,1.9245968
2019-04-05 09:25:00+02:00,2.7721806
2019-04-05 09:30:00+02:00,2.2918003
2019-04-05 09:35:00+02:00,1.9393454
2019-04-05 09:40:00+02:00,1.6917608
2019-04-05 09:45:00+02:00,2.0842907
2019-04-05 09:50:00+02:00,1.7958027
2019-04-05 09:55:00+02:00,1.593511
2019-04-05 10:00:00+02:00,2.2945306
2019-04-05 10:05:00+02:00,1.5047239
2019-04-05 10:10:00+02:00,1.1941789
2019-04-05 10:15:00+02:00,1.2445683
2019-04-05 10:20:00+02:00,1.2480012
2019-04-05 10:25:00+02:00,0.9809129
2019-04-05 10:30:00+02:00,1.3197874
2019-04-05 10:35:00+02:00,0.95565075
2019-04-05 10:40:00+02:00,1.0322399
2019-04-05 10:45:00+02:00,1.2471858
2019-04-05 10:50:00+02:00,1.0990287
2019-04-05 10:55:00+02:00,0.89697397
2019-04-05 11:00:00+02:00,1.0573052
2019-04-05 11:05:00+02:00,1.2369938
2019-04-05 11:10:00+02:00,0.9074945
2019-04-05 11:15:00+02:00,1.0707058
2019-04-05 11:20:00+02:00,1.1271015
2019-04-05 11:25:00+02:00,1.0807649
2019-04-05 11:30:00+02:00,0.9194373
2019-04-05 11:35:00+02:00,1.1891459
2019-04-05 11:40:00+02:00,2.0094159
2019-04-05 11:45:00+02:00,1.1815387
2019-04-05 11:50:00+02:00,1.0155249
2019-04-05 11:55:00+02:00,1.2361386
2019-04-05 12:00:00+02:00,1.228724
2019-04-05 12:05:00+02:00,0.9487683
2019-04-05 12:10:00+02:00,1.2062268
2019-04-05 12:15:00+02:00,0.9722404
2019-04-05 12:20:00+02:00,0.98901165
2019-04-05 12:25:00+02:00,0.7498414
2019-04-05 12:30:00+02:00,0.5086016
2019-04-05 12:35:00+02:00,0.35875264
2019-04-05 12:40:00+02:00,0.34715274
2019-04-05 12:45:00+02:00,0.2313079
2019-04-05 12:50:00+02:00,0.18397692
2019-04-05 12:55:00+02:00,0.22189596
2019-04-05 13:00:00+02:00,0.24061611
2019-04-05 13:05:00+02:00,0.1624501
2019-04-05 13:10:00+02:00,0.18353501
2019-04-05 13:15:00+02:00,0.2263681
2019-04-05 13:20:00+02:00,0.2246745
2019-04-05 13:25:00+02:00,0.21589366
2019-04-05 13:30:00+02:00,0.23555365
2019-04-05 13:35:00+02:00,0.27958074
2019-04-05 13:40:00+02:00,0.30343297
2019-04-05 13:45:00+02:00,0.25474158
2019-04-05 13:50:00+02:00,0.19838873
2019-04-05 13:55:00+02:00,0.21500698
2019-04-05 14:00:00+02:00,0.20036879
2019-04-05 14:05:00+02:00,0.21305743
2019-04-05 14:10:00+02:00,0.15774825
2019-04-05 14:15:00+02:00,0.17364421
2019-04-05 14:20:00+02:00,0.41950288
2019-04-05 14:25:00+02:00,0.3092579
2019-04-05 14:30:00+02:00,0.15133205
2019-04-05 14:35:00+02:00,0.22855797
2019-04-05 14:40:00+02:00,0.25204375
2019-04-05 14:45:00+02:00,0.20595768
2019-04-05 14:50:00+02:00,0.27572075
2019-04-05 14:55:00+02:00,0.25879708
2019-04-05 15:00:00+02:00,0.20342568
2019-04-05 15:05:00+02:00,0.20353201
2019-04-05 15:10:00+02:00,0.20902947
2019-04-05 15:15:00+02:00,0.19198838
2019-04-05 15:20:00+02:00,0.22526792
2019-04-05 15:25:00+02:00,0.18251196
2019-04-05 15:30:00+02:00,0.15097108
2019-04-05 15:35:00+02:00,0.20894232
2019-04-05 15:40:00+02:00,0.23496976
2019-04-05 15:45:00+02:00,0.20671514
2019-04-05 15:50:00+02:00,0.18453589
2019-04-05 15:55:00+02:00,0.1987361
2019-04-05 16:00:00+02:00,0.24628988
2019-04-05 16:05:00+02:00,0.18423489
2019-04-05 16:10:00+02:00,0.19564834
2019-04-05 16:15:00+02:00,0.27697602
2019-04-05 16:20:00+02:00,0.19946042
2019-04-05 16:25:00+02:00,0.14957944
2019-04-05 16:30:00+02:00,0.21477082
2019-04-05 16:35:00+02:00,0.2006593
2019-04-05 16:40:00+02:00,0.19851366
2019-04-05 16:45:00+02:00,0.22289339
2019-04-05 16:50:00+02:00,0.17432812
2019-04-05 16:55:00+02:00,0.1721206
2019-04-05 17:00:00+02:00,0.23011413
2019-04-05 17:05:00+02:00,0.2318869
2019-04-05 17:10:00+02:00,0.17759839
2019-04-05 17:15:00+02:00,0.16312543
2019-04-05 17:20:00+02:00,0.21513835
2019-04-05 17:25:00+02:00,0.22748938
2019-04-05 17:30:00+02:00,0.37736896
2019-04-05 17:35:00+02:00,0.40183023
2019-04-05 17:40:00+02:00,0.34282866
2019-04-05 17:45:00+02:00,0.3688312
2019-04-05 17:50:00+02:00,0.38547447
2019-04-05 17:55:00+02:00,0.35961547
2019-04-05 18:00:00+02:00,0.3736867
2019-04-05 18:05:00+02:00,0.42274597
2019-04-05 18:10:00+02:00,0.3372461
2019-04-05 18:15:00+02:00,0.33791628
2019-04-05 18:20:00+02:00,0.39302543
2019-04-05 18:25:00+02:00,0.36356547
2019-04-05 18:30:00+02:00,0.31112304
2019-04-05 18:35:00+02:00,0.39539698
2019-04-05 18:40:00+02:00,0.38307753
2019-04-05 18:45:00+02:00,0.3458511
2019-04-05 18:50:00+02:00,0.3756794
2019-04-05 18:55:00+02:00,0.4151167
2019-04-05 19:00:00+02:00,0.35124496
2019-04-05 19:05:00+02:00,0.32688347
2019-04-05 19:10:00+02:00,0.41087857
2019-04-05 19:15:00+02:00,0.3837252
2019-04-05 19:20:00+02:00,0.4371157
2019-04-05 19:25:00+02:00,0.38763967
2019-04-05 19:30:00+02:00,0.35575905
2019-04-05 19:35:00+02:00,0.34536448
2019-04-05 19:40:00+02:00,0.38889888
2019-04-05 19:45:00+02:00,0.38672677
2019-04-05 19:50:00+02:00,0.3361421
2019-04-05 19:55:00+02:00,0.37031534
2019-04-05 20:00:00+02:00,0.37171796
2019-04-05 20:05:00+02:00,0.34975043
2019-04-05 20:10:00+02:00,0.3536822
2019-04-05 20:15:00+02:00,0.35503104
2019-04-05 20:20:00+02:00,0.36544076
2019-04-05 20:25:00+02:00,0.354862
2019-04-05 20:30:00+02:00,0.33701542
2019-04-05 20:35:00+02:00,0.38470486
2019-04-05 20:40:00+02:00,0.383557
2019-04-05 20:45:00+02:00,0.31820837
2019-04-05 20:50:00+02:00,0.356509
2019-04-05 20:55:00+02:00,0.34957078
2019-04-05 21:00:00+02:00,0.33283558
2019-04-05 21:05:00+02:00,0.33601525
2019-04-05 21:10:00+02:00,0.347914
2019-04-05 21:15:00+02:00,0.35774437
2019-04-05 21:20:00+02:00,0.3645276
2019-04-05 21:25:00+02:00,0.33208779
2019-04-05 21:30:00+02:00,0.32212487
2019-04-05 21:35:00+02:00,0.34950176
2019-04-05 21:40:00+02:00,0.34509876
2019-04-05 21:45:00+02:00,0.33260372
2019-04-05 21:50:00+02:00,0.3718585
2019-04-05 21:55:00+02:00,0.32690743
2019-04-05 22:00:00+02:00,0.30472186
2019-04-05 22:05:00+02:00,0.3364649
2019-04-05 22:10:00+02:00,0.3425639
2019-04-05 22:15:00+02:00,0.3719063
2019-04-05 22:20:00+02:00,0.36355808
2019-04-05 22:25:00+02:00,0.31322137
2019-04-05 22:30:00+02:00,0.34462658
2019-04-05 22:35:00+02:00,0.34420672
2019-04-05 22:40:00+02:00,0.32610837
2019-04-05 22:45:00+02:00,0.30424133
2019-04-05 22:50:00+02:00,0.3177686
2019-04-05 22:55:00+02:00,0.42768493
2019-04-05 23:00:00+02:00,0.44181445
2019-04-05 23:05:00+02:00,0.3624356
2019-04-05 23:10:00+02:00,0.329137
2019-04-05 23:15:00+02:00,0.38263944
2019-04-05 23:20:00+02:00,0.3243337
2019-04-05 23:25:00+02:00,0.31499425
2019-04-05 23:30:00+02:00,0.3469192
2019-04-05 23:35:00+02:00,0.33435777
2019-04-05 23:40:00+02:00,0.21772793
2019-04-05 23:45:00+02:00,0.27415934
2019-04-05 23:50:00+02:00,0.37386742
2019-04-05 23:55:00+02:00,0.32306245
